name,timezones
Afghanistan,"[{zoneName:'Asia\/Kabul',gmtOffset:16200,gmtOffsetName:'UTC+04:30',abbreviation:'AFT',tzName:'Afghanistan Time'}]"
Aland Islands,"[{zoneName:'Europe\/Mariehamn',gmtOffset:7200,gmtOffsetName:'UTC+02:00',abbreviation:'EET',tzName:'Eastern European Time'}]"
Albania,"[{zoneName:'Europe\/Tirane',gmtOffset:3600,gmtOffsetName:'UTC+01:00',abbreviation:'CET',tzName:'Central European Time'}]"
Algeria,"[{zoneName:'Africa\/Algiers',gmtOffset:3600,gmtOffsetName:'UTC+01:00',abbreviation:'CET',tzName:'Central European Time'}]"
American Samoa,"[{zoneName:'Pacific\/Pago_Pago',gmtOffset:-39600,gmtOffsetName:'UTC-11:00',abbreviation:'SST',tzName:'Samoa Standard Time'}]"
Andorra,"[{zoneName:'Europe\/Andorra',gmtOffset:3600,gmtOffsetName:'UTC+01:00',abbreviation:'CET',tzName:'Central European Time'}]"
Angola,"[{zoneName:'Africa\/Luanda',gmtOffset:3600,gmtOffsetName:'UTC+01:00',abbreviation:'WAT',tzName:'West Africa Time'}]"
Anguilla,"[{zoneName:'America\/Anguilla',gmtOffset:-14400,gmtOffsetName:'UTC-04:00',abbreviation:'AST',tzName:'Atlantic Standard Time'}]"
Antarctica,"[{zoneName:'Antarctica\/Casey',gmtOffset:39600,gmtOffsetName:'UTC+11:00',abbreviation:'AWST',tzName:'Australian Western Standard Time'},{zoneName:'Antarctica\/Davis',gmtOffset:25200,gmtOffsetName:'UTC+07:00',abbreviation:'DAVT',tzName:'Davis Time'},{zoneName:'Antarctica\/DumontDUrville',gmtOffset:36000,gmtOffsetName:'UTC+10:00',abbreviation:'DDUT',tzName:'Dumont d'Urville Time'},{zoneName:'Antarctica\/Mawson',gmtOffset:18000,gmtOffsetName:'UTC+05:00',abbreviation:'MAWT',tzName:'Mawson Station Time'},{zoneName:'Antarctica\/McMurdo',gmtOffset:46800,gmtOffsetName:'UTC+13:00',abbreviation:'NZDT',tzName:'New Zealand Daylight Time'},{zoneName:'Antarctica\/Palmer',gmtOffset:-10800,gmtOffsetName:'UTC-03:00',abbreviation:'CLST',tzName:'Chile Summer Time'},{zoneName:'Antarctica\/Rothera',gmtOffset:-10800,gmtOffsetName:'UTC-03:00',abbreviation:'ROTT',tzName:'Rothera Research Station Time'},{zoneName:'Antarctica\/Syowa',gmtOffset:10800,gmtOffsetName:'UTC+03:00',abbreviation:'SYOT',tzName:'Showa Station Time'},{zoneName:'Antarctica\/Troll',gmtOffset:0,gmtOffsetName:'UTC\u00b100',abbreviation:'GMT',tzName:'Greenwich Mean Time'},{zoneName:'Antarctica\/Vostok',gmtOffset:21600,gmtOffsetName:'UTC+06:00',abbreviation:'VOST',tzName:'Vostok Station Time'}]"
Antigua and Barbuda,"[{zoneName:'America\/Antigua',gmtOffset:-14400,gmtOffsetName:'UTC-04:00',abbreviation:'AST',tzName:'Atlantic Standard Time'}]"
Argentina,"[{zoneName:'America\/Argentina\/Buenos_Aires',gmtOffset:-10800,gmtOffsetName:'UTC-03:00',abbreviation:'ART',tzName:'Argentina Time'},{zoneName:'America\/Argentina\/Catamarca',gmtOffset:-10800,gmtOffsetName:'UTC-03:00',abbreviation:'ART',tzName:'Argentina Time'},{zoneName:'America\/Argentina\/Cordoba',gmtOffset:-10800,gmtOffsetName:'UTC-03:00',abbreviation:'ART',tzName:'Argentina Time'},{zoneName:'America\/Argentina\/Jujuy',gmtOffset:-10800,gmtOffsetName:'UTC-03:00',abbreviation:'ART',tzName:'Argentina Time'},{zoneName:'America\/Argentina\/La_Rioja',gmtOffset:-10800,gmtOffsetName:'UTC-03:00',abbreviation:'ART',tzName:'Argentina Time'},{zoneName:'America\/Argentina\/Mendoza',gmtOffset:-10800,gmtOffsetName:'UTC-03:00',abbreviation:'ART',tzName:'Argentina Time'},{zoneName:'America\/Argentina\/Rio_Gallegos',gmtOffset:-10800,gmtOffsetName:'UTC-03:00',abbreviation:'ART',tzName:'Argentina Time'},{zoneName:'America\/Argentina\/Salta',gmtOffset:-10800,gmtOffsetName:'UTC-03:00',abbreviation:'ART',tzName:'Argentina Time'},{zoneName:'America\/Argentina\/San_Juan',gmtOffset:-10800,gmtOffsetName:'UTC-03:00',abbreviation:'ART',tzName:'Argentina Time'},{zoneName:'America\/Argentina\/San_Luis',gmtOffset:-10800,gmtOffsetName:'UTC-03:00',abbreviation:'ART',tzName:'Argentina Time'},{zoneName:'America\/Argentina\/Tucuman',gmtOffset:-10800,gmtOffsetName:'UTC-03:00',abbreviation:'ART',tzName:'Argentina Time'},{zoneName:'America\/Argentina\/Ushuaia',gmtOffset:-10800,gmtOffsetName:'UTC-03:00',abbreviation:'ART',tzName:'Argentina Time'}]"
Armenia,"[{zoneName:'Asia\/Yerevan',gmtOffset:14400,gmtOffsetName:'UTC+04:00',abbreviation:'AMT',tzName:'Armenia Time'}]"
Aruba,"[{zoneName:'America\/Aruba',gmtOffset:-14400,gmtOffsetName:'UTC-04:00',abbreviation:'AST',tzName:'Atlantic Standard Time'}]"
Australia,"[{zoneName:'Antarctica\/Macquarie',gmtOffset:39600,gmtOffsetName:'UTC+11:00',abbreviation:'MIST',tzName:'Macquarie Island Station Time'},{zoneName:'Australia\/Adelaide',gmtOffset:37800,gmtOffsetName:'UTC+10:30',abbreviation:'ACDT',tzName:'Australian Central Daylight Saving Time'},{zoneName:'Australia\/Brisbane',gmtOffset:36000,gmtOffsetName:'UTC+10:00',abbreviation:'AEST',tzName:'Australian Eastern Standard Time'},{zoneName:'Australia\/Broken_Hill',gmtOffset:37800,gmtOffsetName:'UTC+10:30',abbreviation:'ACDT',tzName:'Australian Central Daylight Saving Time'},{zoneName:'Australia\/Currie',gmtOffset:39600,gmtOffsetName:'UTC+11:00',abbreviation:'AEDT',tzName:'Australian Eastern Daylight Saving Time'},{zoneName:'Australia\/Darwin',gmtOffset:34200,gmtOffsetName:'UTC+09:30',abbreviation:'ACST',tzName:'Australian Central Standard Time'},{zoneName:'Australia\/Eucla',gmtOffset:31500,gmtOffsetName:'UTC+08:45',abbreviation:'ACWST',tzName:'Australian Central Western Standard Time (Unofficial)'},{zoneName:'Australia\/Hobart',gmtOffset:39600,gmtOffsetName:'UTC+11:00',abbreviation:'AEDT',tzName:'Australian Eastern Daylight Saving Time'},{zoneName:'Australia\/Lindeman',gmtOffset:36000,gmtOffsetName:'UTC+10:00',abbreviation:'AEST',tzName:'Australian Eastern Standard Time'},{zoneName:'Australia\/Lord_Howe',gmtOffset:39600,gmtOffsetName:'UTC+11:00',abbreviation:'LHST',tzName:'Lord Howe Summer Time'},{zoneName:'Australia\/Melbourne',gmtOffset:39600,gmtOffsetName:'UTC+11:00',abbreviation:'AEDT',tzName:'Australian Eastern Daylight Saving Time'},{zoneName:'Australia\/Perth',gmtOffset:28800,gmtOffsetName:'UTC+08:00',abbreviation:'AWST',tzName:'Australian Western Standard Time'},{zoneName:'Australia\/Sydney',gmtOffset:39600,gmtOffsetName:'UTC+11:00',abbreviation:'AEDT',tzName:'Australian Eastern Daylight Saving Time'}]"
Austria,"[{zoneName:'Europe\/Vienna',gmtOffset:3600,gmtOffsetName:'UTC+01:00',abbreviation:'CET',tzName:'Central European Time'}]"
Azerbaijan,"[{zoneName:'Asia\/Baku',gmtOffset:14400,gmtOffsetName:'UTC+04:00',abbreviation:'AZT',tzName:'Azerbaijan Time'}]"
Bahrain,"[{zoneName:'Asia\/Bahrain',gmtOffset:10800,gmtOffsetName:'UTC+03:00',abbreviation:'AST',tzName:'Arabia Standard Time'}]"
Bangladesh,"[{zoneName:'Asia\/Dhaka',gmtOffset:21600,gmtOffsetName:'UTC+06:00',abbreviation:'BDT',tzName:'Bangladesh Standard Time'}]"
Barbados,"[{zoneName:'America\/Barbados',gmtOffset:-14400,gmtOffsetName:'UTC-04:00',abbreviation:'AST',tzName:'Atlantic Standard Time'}]"
Belarus,"[{zoneName:'Europe\/Minsk',gmtOffset:10800,gmtOffsetName:'UTC+03:00',abbreviation:'MSK',tzName:'Moscow Time'}]"
Belgium,"[{zoneName:'Europe\/Brussels',gmtOffset:3600,gmtOffsetName:'UTC+01:00',abbreviation:'CET',tzName:'Central European Time'}]"
Belize,"[{zoneName:'America\/Belize',gmtOffset:-21600,gmtOffsetName:'UTC-06:00',abbreviation:'CST',tzName:'Central Standard Time (North America)'}]"
Benin,"[{zoneName:'Africa\/Porto-Novo',gmtOffset:3600,gmtOffsetName:'UTC+01:00',abbreviation:'WAT',tzName:'West Africa Time'}]"
Bermuda,"[{zoneName:'Atlantic\/Bermuda',gmtOffset:-14400,gmtOffsetName:'UTC-04:00',abbreviation:'AST',tzName:'Atlantic Standard Time'}]"
Bhutan,"[{zoneName:'Asia\/Thimphu',gmtOffset:21600,gmtOffsetName:'UTC+06:00',abbreviation:'BTT',tzName:'Bhutan Time'}]"
Bolivia,"[{zoneName:'America\/La_Paz',gmtOffset:-14400,gmtOffsetName:'UTC-04:00',abbreviation:'BOT',tzName:'Bolivia Time'}]"
"Bonaire, Sint Eustatius and Saba","[{zoneName:'America\/Curacao',gmtOffset:-14400,gmtOffsetName:'UTC-04:00',abbreviation:'AST',tzName:'Atlantic Standard Time'}]"
Bosnia and Herzegovina,"[{zoneName:'Europe\/Sarajevo',gmtOffset:3600,gmtOffsetName:'UTC+01:00',abbreviation:'CET',tzName:'Central European Time'}]"
Botswana,"[{zoneName:'Africa\/Gaborone',gmtOffset:7200,gmtOffsetName:'UTC+02:00',abbreviation:'CAT',tzName:'Central Africa Time'}]"
Bouvet Island,"[{zoneName:'Europe\/Oslo',gmtOffset:3600,gmtOffsetName:'UTC+01:00',abbreviation:'CET',tzName:'Central European Time'}]"
Brazil,"[{zoneName:'America\/Araguaina',gmtOffset:-10800,gmtOffsetName:'UTC-03:00',abbreviation:'BRT',tzName:'Bras\u00edlia Time'},{zoneName:'America\/Bahia',gmtOffset:-10800,gmtOffsetName:'UTC-03:00',abbreviation:'BRT',tzName:'Bras\u00edlia Time'},{zoneName:'America\/Belem',gmtOffset:-10800,gmtOffsetName:'UTC-03:00',abbreviation:'BRT',tzName:'Bras\u00edlia Time'},{zoneName:'America\/Boa_Vista',gmtOffset:-14400,gmtOffsetName:'UTC-04:00',abbreviation:'AMT',tzName:'Amazon Time (Brazil)[3'},{zoneName:'America\/Campo_Grande',gmtOffset:-14400,gmtOffsetName:'UTC-04:00',abbreviation:'AMT',tzName:'Amazon Time (Brazil)[3'},{zoneName:'America\/Cuiaba',gmtOffset:-14400,gmtOffsetName:'UTC-04:00',abbreviation:'BRT',tzName:'Brasilia Time'},{zoneName:'America\/Eirunepe',gmtOffset:-18000,gmtOffsetName:'UTC-05:00',abbreviation:'ACT',tzName:'Acre Time'},{zoneName:'America\/Fortaleza',gmtOffset:-10800,gmtOffsetName:'UTC-03:00',abbreviation:'BRT',tzName:'Bras\u00edlia Time'},{zoneName:'America\/Maceio',gmtOffset:-10800,gmtOffsetName:'UTC-03:00',abbreviation:'BRT',tzName:'Bras\u00edlia Time'},{zoneName:'America\/Manaus',gmtOffset:-14400,gmtOffsetName:'UTC-04:00',abbreviation:'AMT',tzName:'Amazon Time (Brazil)'},{zoneName:'America\/Noronha',gmtOffset:-7200,gmtOffsetName:'UTC-02:00',abbreviation:'FNT',tzName:'Fernando de Noronha Time'},{zoneName:'America\/Porto_Velho',gmtOffset:-14400,gmtOffsetName:'UTC-04:00',abbreviation:'AMT',tzName:'Amazon Time (Brazil)[3'},{zoneName:'America\/Recife',gmtOffset:-10800,gmtOffsetName:'UTC-03:00',abbreviation:'BRT',tzName:'Bras\u00edlia Time'},{zoneName:'America\/Rio_Branco',gmtOffset:-18000,gmtOffsetName:'UTC-05:00',abbreviation:'ACT',tzName:'Acre Time'},{zoneName:'America\/Santarem',gmtOffset:-10800,gmtOffsetName:'UTC-03:00',abbreviation:'BRT',tzName:'Bras\u00edlia Time'},{zoneName:'America\/Sao_Paulo',gmtOffset:-10800,gmtOffsetName:'UTC-03:00',abbreviation:'BRT',tzName:'Bras\u00edlia Time'}]"
British Indian Ocean Territory,"[{zoneName:'Indian\/Chagos',gmtOffset:21600,gmtOffsetName:'UTC+06:00',abbreviation:'IOT',tzName:'Indian Ocean Time'}]"
Brunei,"[{zoneName:'Asia\/Brunei',gmtOffset:28800,gmtOffsetName:'UTC+08:00',abbreviation:'BNT',tzName:'Brunei Darussalam Time'}]"
Bulgaria,"[{zoneName:'Europe\/Sofia',gmtOffset:7200,gmtOffsetName:'UTC+02:00',abbreviation:'EET',tzName:'Eastern European Time'}]"
Burkina Faso,"[{zoneName:'Africa\/Ouagadougou',gmtOffset:0,gmtOffsetName:'UTC\u00b100',abbreviation:'GMT',tzName:'Greenwich Mean Time'}]"
Burundi,"[{zoneName:'Africa\/Bujumbura',gmtOffset:7200,gmtOffsetName:'UTC+02:00',abbreviation:'CAT',tzName:'Central Africa Time'}]"
Cambodia,"[{zoneName:'Asia\/Phnom_Penh',gmtOffset:25200,gmtOffsetName:'UTC+07:00',abbreviation:'ICT',tzName:'Indochina Time'}]"
Cameroon,"[{zoneName:'Africa\/Douala',gmtOffset:3600,gmtOffsetName:'UTC+01:00',abbreviation:'WAT',tzName:'West Africa Time'}]"
Canada,"[{zoneName:'America\/Atikokan',gmtOffset:-18000,gmtOffsetName:'UTC-05:00',abbreviation:'EST',tzName:'Eastern Standard Time (North America)'},{zoneName:'America\/Blanc-Sablon',gmtOffset:-14400,gmtOffsetName:'UTC-04:00',abbreviation:'AST',tzName:'Atlantic Standard Time'},{zoneName:'America\/Cambridge_Bay',gmtOffset:-25200,gmtOffsetName:'UTC-07:00',abbreviation:'MST',tzName:'Mountain Standard Time (North America)'},{zoneName:'America\/Creston',gmtOffset:-25200,gmtOffsetName:'UTC-07:00',abbreviation:'MST',tzName:'Mountain Standard Time (North America)'},{zoneName:'America\/Dawson',gmtOffset:-25200,gmtOffsetName:'UTC-07:00',abbreviation:'MST',tzName:'Mountain Standard Time (North America)'},{zoneName:'America\/Dawson_Creek',gmtOffset:-25200,gmtOffsetName:'UTC-07:00',abbreviation:'MST',tzName:'Mountain Standard Time (North America)'},{zoneName:'America\/Edmonton',gmtOffset:-25200,gmtOffsetName:'UTC-07:00',abbreviation:'MST',tzName:'Mountain Standard Time (North America)'},{zoneName:'America\/Fort_Nelson',gmtOffset:-25200,gmtOffsetName:'UTC-07:00',abbreviation:'MST',tzName:'Mountain Standard Time (North America)'},{zoneName:'America\/Glace_Bay',gmtOffset:-14400,gmtOffsetName:'UTC-04:00',abbreviation:'AST',tzName:'Atlantic Standard Time'},{zoneName:'America\/Goose_Bay',gmtOffset:-14400,gmtOffsetName:'UTC-04:00',abbreviation:'AST',tzName:'Atlantic Standard Time'},{zoneName:'America\/Halifax',gmtOffset:-14400,gmtOffsetName:'UTC-04:00',abbreviation:'AST',tzName:'Atlantic Standard Time'},{zoneName:'America\/Inuvik',gmtOffset:-25200,gmtOffsetName:'UTC-07:00',abbreviation:'MST',tzName:'Mountain Standard Time (North America'},{zoneName:'America\/Iqaluit',gmtOffset:-18000,gmtOffsetName:'UTC-05:00',abbreviation:'EST',tzName:'Eastern Standard Time (North America'},{zoneName:'America\/Moncton',gmtOffset:-14400,gmtOffsetName:'UTC-04:00',abbreviation:'AST',tzName:'Atlantic Standard Time'},{zoneName:'America\/Nipigon',gmtOffset:-18000,gmtOffsetName:'UTC-05:00',abbreviation:'EST',tzName:'Eastern Standard Time (North America'},{zoneName:'America\/Pangnirtung',gmtOffset:-18000,gmtOffsetName:'UTC-05:00',abbreviation:'EST',tzName:'Eastern Standard Time (North America'},{zoneName:'America\/Rainy_River',gmtOffset:-21600,gmtOffsetName:'UTC-06:00',abbreviation:'CST',tzName:'Central Standard Time (North America'},{zoneName:'America\/Rankin_Inlet',gmtOffset:-21600,gmtOffsetName:'UTC-06:00',abbreviation:'CST',tzName:'Central Standard Time (North America'},{zoneName:'America\/Regina',gmtOffset:-21600,gmtOffsetName:'UTC-06:00',abbreviation:'CST',tzName:'Central Standard Time (North America'},{zoneName:'America\/Resolute',gmtOffset:-21600,gmtOffsetName:'UTC-06:00',abbreviation:'CST',tzName:'Central Standard Time (North America'},{zoneName:'America\/St_Johns',gmtOffset:-12600,gmtOffsetName:'UTC-03:30',abbreviation:'NST',tzName:'Newfoundland Standard Time'},{zoneName:'America\/Swift_Current',gmtOffset:-21600,gmtOffsetName:'UTC-06:00',abbreviation:'CST',tzName:'Central Standard Time (North America'},{zoneName:'America\/Thunder_Bay',gmtOffset:-18000,gmtOffsetName:'UTC-05:00',abbreviation:'EST',tzName:'Eastern Standard Time (North America'},{zoneName:'America\/Toronto',gmtOffset:-18000,gmtOffsetName:'UTC-05:00',abbreviation:'EST',tzName:'Eastern Standard Time (North America'},{zoneName:'America\/Vancouver',gmtOffset:-28800,gmtOffsetName:'UTC-08:00',abbreviation:'PST',tzName:'Pacific Standard Time (North America'},{zoneName:'America\/Whitehorse',gmtOffset:-25200,gmtOffsetName:'UTC-07:00',abbreviation:'MST',tzName:'Mountain Standard Time (North America'},{zoneName:'America\/Winnipeg',gmtOffset:-21600,gmtOffsetName:'UTC-06:00',abbreviation:'CST',tzName:'Central Standard Time (North America'},{zoneName:'America\/Yellowknife',gmtOffset:-25200,gmtOffsetName:'UTC-07:00',abbreviation:'MST',tzName:'Mountain Standard Time (North America'}]"
Cape Verde,"[{zoneName:'Atlantic\/Cape_Verde',gmtOffset:-3600,gmtOffsetName:'UTC-01:00',abbreviation:'CVT',tzName:'Cape Verde Time'}]"
Cayman Islands,"[{zoneName:'America\/Cayman',gmtOffset:-18000,gmtOffsetName:'UTC-05:00',abbreviation:'EST',tzName:'Eastern Standard Time (North America'}]"
Central African Republic,"[{zoneName:'Africa\/Bangui',gmtOffset:3600,gmtOffsetName:'UTC+01:00',abbreviation:'WAT',tzName:'West Africa Time'}]"
Chad,"[{zoneName:'Africa\/Ndjamena',gmtOffset:3600,gmtOffsetName:'UTC+01:00',abbreviation:'WAT',tzName:'West Africa Time'}]"
Chile,"[{zoneName:'America\/Punta_Arenas',gmtOffset:-10800,gmtOffsetName:'UTC-03:00',abbreviation:'CLST',tzName:'Chile Summer Time'},{zoneName:'America\/Santiago',gmtOffset:-10800,gmtOffsetName:'UTC-03:00',abbreviation:'CLST',tzName:'Chile Summer Time'},{zoneName:'Pacific\/Easter',gmtOffset:-18000,gmtOffsetName:'UTC-05:00',abbreviation:'EASST',tzName:'Easter Island Summer Time'}]"
China,"[{zoneName:'Asia\/Shanghai',gmtOffset:28800,gmtOffsetName:'UTC+08:00',abbreviation:'CST',tzName:'China Standard Time'},{zoneName:'Asia\/Urumqi',gmtOffset:21600,gmtOffsetName:'UTC+06:00',abbreviation:'XJT',tzName:'China Standard Time'}]"
Christmas Island,"[{zoneName:'Indian\/Christmas',gmtOffset:25200,gmtOffsetName:'UTC+07:00',abbreviation:'CXT',tzName:'Christmas Island Time'}]"
Cocos (Keeling) Islands,"[{zoneName:'Indian\/Cocos',gmtOffset:23400,gmtOffsetName:'UTC+06:30',abbreviation:'CCT',tzName:'Cocos Islands Time'}]"
Colombia,"[{zoneName:'America\/Bogota',gmtOffset:-18000,gmtOffsetName:'UTC-05:00',abbreviation:'COT',tzName:'Colombia Time'}]"
Comoros,"[{zoneName:'Indian\/Comoro',gmtOffset:10800,gmtOffsetName:'UTC+03:00',abbreviation:'EAT',tzName:'East Africa Time'}]"
Congo,"[{zoneName:'Africa\/Brazzaville',gmtOffset:3600,gmtOffsetName:'UTC+01:00',abbreviation:'WAT',tzName:'West Africa Time'}]"
Cook Islands,"[{zoneName:'Pacific\/Rarotonga',gmtOffset:-36000,gmtOffsetName:'UTC-10:00',abbreviation:'CKT',tzName:'Cook Island Time'}]"
Costa Rica,"[{zoneName:'America\/Costa_Rica',gmtOffset:-21600,gmtOffsetName:'UTC-06:00',abbreviation:'CST',tzName:'Central Standard Time (North America'}]"
Croatia,"[{zoneName:'Europe\/Zagreb',gmtOffset:3600,gmtOffsetName:'UTC+01:00',abbreviation:'CET',tzName:'Central European Time'}]"
Cuba,"[{zoneName:'America\/Havana',gmtOffset:-18000,gmtOffsetName:'UTC-05:00',abbreviation:'CST',tzName:'Cuba Standard Time'}]"
CuraÃ§ao,"[{zoneName:'America\/Curacao',gmtOffset:-14400,gmtOffsetName:'UTC-04:00',abbreviation:'AST',tzName:'Atlantic Standard Time'}]"
Cyprus,"[{zoneName:'Asia\/Famagusta',gmtOffset:7200,gmtOffsetName:'UTC+02:00',abbreviation:'EET',tzName:'Eastern European Time'},{zoneName:'Asia\/Nicosia',gmtOffset:7200,gmtOffsetName:'UTC+02:00',abbreviation:'EET',tzName:'Eastern European Time'}]"
Czech Republic,"[{zoneName:'Europe\/Prague',gmtOffset:3600,gmtOffsetName:'UTC+01:00',abbreviation:'CET',tzName:'Central European Time'}]"
Democratic Republic of the Congo,"[{zoneName:'Africa\/Kinshasa',gmtOffset:3600,gmtOffsetName:'UTC+01:00',abbreviation:'WAT',tzName:'West Africa Time'},{zoneName:'Africa\/Lubumbashi',gmtOffset:7200,gmtOffsetName:'UTC+02:00',abbreviation:'CAT',tzName:'Central Africa Time'}]"
Denmark,"[{zoneName:'Europe\/Copenhagen',gmtOffset:3600,gmtOffsetName:'UTC+01:00',abbreviation:'CET',tzName:'Central European Time'}]"
Djibouti,"[{zoneName:'Africa\/Djibouti',gmtOffset:10800,gmtOffsetName:'UTC+03:00',abbreviation:'EAT',tzName:'East Africa Time'}]"
Dominica,"[{zoneName:'America\/Dominica',gmtOffset:-14400,gmtOffsetName:'UTC-04:00',abbreviation:'AST',tzName:'Atlantic Standard Time'}]"
Dominican Republic,"[{zoneName:'America\/Santo_Domingo',gmtOffset:-14400,gmtOffsetName:'UTC-04:00',abbreviation:'AST',tzName:'Atlantic Standard Time'}]"
Ecuador,"[{zoneName:'America\/Guayaquil',gmtOffset:-18000,gmtOffsetName:'UTC-05:00',abbreviation:'ECT',tzName:'Ecuador Time'},{zoneName:'Pacific\/Galapagos',gmtOffset:-21600,gmtOffsetName:'UTC-06:00',abbreviation:'GALT',tzName:'Gal\u00e1pagos Time'}]"
Egypt,"[{zoneName:'Africa\/Cairo',gmtOffset:7200,gmtOffsetName:'UTC+02:00',abbreviation:'EET',tzName:'Eastern European Time'}]"
El Salvador,"[{zoneName:'America\/El_Salvador',gmtOffset:-21600,gmtOffsetName:'UTC-06:00',abbreviation:'CST',tzName:'Central Standard Time (North America'}]"
Equatorial Guinea,"[{zoneName:'Africa\/Malabo',gmtOffset:3600,gmtOffsetName:'UTC+01:00',abbreviation:'WAT',tzName:'West Africa Time'}]"
Eritrea,"[{zoneName:'Africa\/Asmara',gmtOffset:10800,gmtOffsetName:'UTC+03:00',abbreviation:'EAT',tzName:'East Africa Time'}]"
Estonia,"[{zoneName:'Europe\/Tallinn',gmtOffset:7200,gmtOffsetName:'UTC+02:00',abbreviation:'EET',tzName:'Eastern European Time'}]"
Eswatini,"[{zoneName:'Africa\/Mbabane',gmtOffset:7200,gmtOffsetName:'UTC+02:00',abbreviation:'SAST',tzName:'South African Standard Time'}]"
Ethiopia,"[{zoneName:'Africa\/Addis_Ababa',gmtOffset:10800,gmtOffsetName:'UTC+03:00',abbreviation:'EAT',tzName:'East Africa Time'}]"
Falkland Islands,"[{zoneName:'Atlantic\/Stanley',gmtOffset:-10800,gmtOffsetName:'UTC-03:00',abbreviation:'FKST',tzName:'Falkland Islands Summer Time'}]"
Faroe Islands,"[{zoneName:'Atlantic\/Faroe',gmtOffset:0,gmtOffsetName:'UTC\u00b100',abbreviation:'WET',tzName:'Western European Time'}]"
Fiji Islands,"[{zoneName:'Pacific\/Fiji',gmtOffset:43200,gmtOffsetName:'UTC+12:00',abbreviation:'FJT',tzName:'Fiji Time'}]"
Finland,"[{zoneName:'Europe\/Helsinki',gmtOffset:7200,gmtOffsetName:'UTC+02:00',abbreviation:'EET',tzName:'Eastern European Time'}]"
France,"[{zoneName:'Europe\/Paris',gmtOffset:3600,gmtOffsetName:'UTC+01:00',abbreviation:'CET',tzName:'Central European Time'}]"
French Guiana,"[{zoneName:'America\/Cayenne',gmtOffset:-10800,gmtOffsetName:'UTC-03:00',abbreviation:'GFT',tzName:'French Guiana Time'}]"
French Polynesia,"[{zoneName:'Pacific\/Gambier',gmtOffset:-32400,gmtOffsetName:'UTC-09:00',abbreviation:'GAMT',tzName:'Gambier Islands Time'},{zoneName:'Pacific\/Marquesas',gmtOffset:-34200,gmtOffsetName:'UTC-09:30',abbreviation:'MART',tzName:'Marquesas Islands Time'},{zoneName:'Pacific\/Tahiti',gmtOffset:-36000,gmtOffsetName:'UTC-10:00',abbreviation:'TAHT',tzName:'Tahiti Time'}]"
French Southern Territories,"[{zoneName:'Indian\/Kerguelen',gmtOffset:18000,gmtOffsetName:'UTC+05:00',abbreviation:'TFT',tzName:'French Southern and Antarctic Time'}]"
Gabon,"[{zoneName:'Africa\/Libreville',gmtOffset:3600,gmtOffsetName:'UTC+01:00',abbreviation:'WAT',tzName:'West Africa Time'}]"
Georgia,"[{zoneName:'Asia\/Tbilisi',gmtOffset:14400,gmtOffsetName:'UTC+04:00',abbreviation:'GET',tzName:'Georgia Standard Time'}]"
Germany,"[{zoneName:'Europe\/Berlin',gmtOffset:3600,gmtOffsetName:'UTC+01:00',abbreviation:'CET',tzName:'Central European Time'},{zoneName:'Europe\/Busingen',gmtOffset:3600,gmtOffsetName:'UTC+01:00',abbreviation:'CET',tzName:'Central European Time'}]"
Ghana,"[{zoneName:'Africa\/Accra',gmtOffset:0,gmtOffsetName:'UTC\u00b100',abbreviation:'GMT',tzName:'Greenwich Mean Time'}]"
Gibraltar,"[{zoneName:'Europe\/Gibraltar',gmtOffset:3600,gmtOffsetName:'UTC+01:00',abbreviation:'CET',tzName:'Central European Time'}]"
Greece,"[{zoneName:'Europe\/Athens',gmtOffset:7200,gmtOffsetName:'UTC+02:00',abbreviation:'EET',tzName:'Eastern European Time'}]"
Greenland,"[{zoneName:'America\/Danmarkshavn',gmtOffset:0,gmtOffsetName:'UTC\u00b100',abbreviation:'GMT',tzName:'Greenwich Mean Time'},{zoneName:'America\/Nuuk',gmtOffset:-10800,gmtOffsetName:'UTC-03:00',abbreviation:'WGT',tzName:'West Greenland Time'},{zoneName:'America\/Scoresbysund',gmtOffset:-3600,gmtOffsetName:'UTC-01:00',abbreviation:'EGT',tzName:'Eastern Greenland Time'},{zoneName:'America\/Thule',gmtOffset:-14400,gmtOffsetName:'UTC-04:00',abbreviation:'AST',tzName:'Atlantic Standard Time'}]"
Grenada,"[{zoneName:'America\/Grenada',gmtOffset:-14400,gmtOffsetName:'UTC-04:00',abbreviation:'AST',tzName:'Atlantic Standard Time'}]"
Guadeloupe,"[{zoneName:'America\/Guadeloupe',gmtOffset:-14400,gmtOffsetName:'UTC-04:00',abbreviation:'AST',tzName:'Atlantic Standard Time'}]"
Guam,"[{zoneName:'Pacific\/Guam',gmtOffset:36000,gmtOffsetName:'UTC+10:00',abbreviation:'CHST',tzName:'Chamorro Standard Time'}]"
Guatemala,"[{zoneName:'America\/Guatemala',gmtOffset:-21600,gmtOffsetName:'UTC-06:00',abbreviation:'CST',tzName:'Central Standard Time (North America'}]"
Guernsey,"[{zoneName:'Europe\/Guernsey',gmtOffset:0,gmtOffsetName:'UTC\u00b100',abbreviation:'GMT',tzName:'Greenwich Mean Time'}]"
Guinea,"[{zoneName:'Africa\/Conakry',gmtOffset:0,gmtOffsetName:'UTC\u00b100',abbreviation:'GMT',tzName:'Greenwich Mean Time'}]"
Guinea-Bissau,"[{zoneName:'Africa\/Bissau',gmtOffset:0,gmtOffsetName:'UTC\u00b100',abbreviation:'GMT',tzName:'Greenwich Mean Time'}]"
Guyana,"[{zoneName:'America\/Guyana',gmtOffset:-14400,gmtOffsetName:'UTC-04:00',abbreviation:'GYT',tzName:'Guyana Time'}]"
Haiti,"[{zoneName:'America\/Port-au-Prince',gmtOffset:-18000,gmtOffsetName:'UTC-05:00',abbreviation:'EST',tzName:'Eastern Standard Time (North America'}]"
Heard Island and McDonald Islands,"[{zoneName:'Indian\/Kerguelen',gmtOffset:18000,gmtOffsetName:'UTC+05:00',abbreviation:'TFT',tzName:'French Southern and Antarctic Time'}]"
Honduras,"[{zoneName:'America\/Tegucigalpa',gmtOffset:-21600,gmtOffsetName:'UTC-06:00',abbreviation:'CST',tzName:'Central Standard Time (North America'}]"
Hong Kong S.A.R.,"[{zoneName:'Asia\/Hong_Kong',gmtOffset:28800,gmtOffsetName:'UTC+08:00',abbreviation:'HKT',tzName:'Hong Kong Time'}]"
Hungary,"[{zoneName:'Europe\/Budapest',gmtOffset:3600,gmtOffsetName:'UTC+01:00',abbreviation:'CET',tzName:'Central European Time'}]"
Iceland,"[{zoneName:'Atlantic\/Reykjavik',gmtOffset:0,gmtOffsetName:'UTC\u00b100',abbreviation:'GMT',tzName:'Greenwich Mean Time'}]"
India,"[{zoneName:'Asia\/Kolkata',gmtOffset:19800,gmtOffsetName:'UTC+05:30',abbreviation:'IST',tzName:'Indian Standard Time'}]"
Indonesia,"[{zoneName:'Asia\/Jakarta',gmtOffset:25200,gmtOffsetName:'UTC+07:00',abbreviation:'WIB',tzName:'Western Indonesian Time'},{zoneName:'Asia\/Jayapura',gmtOffset:32400,gmtOffsetName:'UTC+09:00',abbreviation:'WIT',tzName:'Eastern Indonesian Time'},{zoneName:'Asia\/Makassar',gmtOffset:28800,gmtOffsetName:'UTC+08:00',abbreviation:'WITA',tzName:'Central Indonesia Time'},{zoneName:'Asia\/Pontianak',gmtOffset:25200,gmtOffsetName:'UTC+07:00',abbreviation:'WIB',tzName:'Western Indonesian Time'}]"
Iran,"[{zoneName:'Asia\/Tehran',gmtOffset:12600,gmtOffsetName:'UTC+03:30',abbreviation:'IRDT',tzName:'Iran Daylight Time'}]"
Iraq,"[{zoneName:'Asia\/Baghdad',gmtOffset:10800,gmtOffsetName:'UTC+03:00',abbreviation:'AST',tzName:'Arabia Standard Time'}]"
Ireland,"[{zoneName:'Europe\/Dublin',gmtOffset:0,gmtOffsetName:'UTC\u00b100',abbreviation:'GMT',tzName:'Greenwich Mean Time'}]"
Israel,"[{zoneName:'Asia\/Jerusalem',gmtOffset:7200,gmtOffsetName:'UTC+02:00',abbreviation:'IST',tzName:'Israel Standard Time'}]"
Italy,"[{zoneName:'Europe\/Rome',gmtOffset:3600,gmtOffsetName:'UTC+01:00',abbreviation:'CET',tzName:'Central European Time'}]"
Ivory Coast,"[{zoneName:'Africa\/Abidjan',gmtOffset:0,gmtOffsetName:'UTC\u00b100',abbreviation:'GMT',tzName:'Greenwich Mean Time'}]"
Jamaica,"[{zoneName:'America\/Jamaica',gmtOffset:-18000,gmtOffsetName:'UTC-05:00',abbreviation:'EST',tzName:'Eastern Standard Time (North America'}]"
Japan,"[{zoneName:'Asia\/Tokyo',gmtOffset:32400,gmtOffsetName:'UTC+09:00',abbreviation:'JST',tzName:'Japan Standard Time'}]"
Jersey,"[{zoneName:'Europe\/Jersey',gmtOffset:0,gmtOffsetName:'UTC\u00b100',abbreviation:'GMT',tzName:'Greenwich Mean Time'}]"
Jordan,"[{zoneName:'Asia\/Amman',gmtOffset:7200,gmtOffsetName:'UTC+02:00',abbreviation:'EET',tzName:'Eastern European Time'}]"
Kazakhstan,"[{zoneName:'Asia\/Almaty',gmtOffset:21600,gmtOffsetName:'UTC+06:00',abbreviation:'ALMT',tzName:'Alma-Ata Time[1'},{zoneName:'Asia\/Aqtau',gmtOffset:18000,gmtOffsetName:'UTC+05:00',abbreviation:'AQTT',tzName:'Aqtobe Time'},{zoneName:'Asia\/Aqtobe',gmtOffset:18000,gmtOffsetName:'UTC+05:00',abbreviation:'AQTT',tzName:'Aqtobe Time'},{zoneName:'Asia\/Atyrau',gmtOffset:18000,gmtOffsetName:'UTC+05:00',abbreviation:'MSD+1',tzName:'Moscow Daylight Time+1'},{zoneName:'Asia\/Oral',gmtOffset:18000,gmtOffsetName:'UTC+05:00',abbreviation:'ORAT',tzName:'Oral Time'},{zoneName:'Asia\/Qostanay',gmtOffset:21600,gmtOffsetName:'UTC+06:00',abbreviation:'QYZST',tzName:'Qyzylorda Summer Time'},{zoneName:'Asia\/Qyzylorda',gmtOffset:18000,gmtOffsetName:'UTC+05:00',abbreviation:'QYZT',tzName:'Qyzylorda Summer Time'}]"
Kenya,"[{zoneName:'Africa\/Nairobi',gmtOffset:10800,gmtOffsetName:'UTC+03:00',abbreviation:'EAT',tzName:'East Africa Time'}]"
Kiribati,"[{zoneName:'Pacific\/Enderbury',gmtOffset:46800,gmtOffsetName:'UTC+13:00',abbreviation:'PHOT',tzName:'Phoenix Island Time'},{zoneName:'Pacific\/Kiritimati',gmtOffset:50400,gmtOffsetName:'UTC+14:00',abbreviation:'LINT',tzName:'Line Islands Time'},{zoneName:'Pacific\/Tarawa',gmtOffset:43200,gmtOffsetName:'UTC+12:00',abbreviation:'GILT',tzName:'Gilbert Island Time'}]"
Kosovo,"[{zoneName:'Europe\/Belgrade',gmtOffset:3600,gmtOffsetName:'UTC+01:00',abbreviation:'CET',tzName:'Central European Time'}]"
Kuwait,"[{zoneName:'Asia\/Kuwait',gmtOffset:10800,gmtOffsetName:'UTC+03:00',abbreviation:'AST',tzName:'Arabia Standard Time'}]"
Kyrgyzstan,"[{zoneName:'Asia\/Bishkek',gmtOffset:21600,gmtOffsetName:'UTC+06:00',abbreviation:'KGT',tzName:'Kyrgyzstan Time'}]"
Laos,"[{zoneName:'Asia\/Vientiane',gmtOffset:25200,gmtOffsetName:'UTC+07:00',abbreviation:'ICT',tzName:'Indochina Time'}]"
Latvia,"[{zoneName:'Europe\/Riga',gmtOffset:7200,gmtOffsetName:'UTC+02:00',abbreviation:'EET',tzName:'Eastern European Time'}]"
Lebanon,"[{zoneName:'Asia\/Beirut',gmtOffset:7200,gmtOffsetName:'UTC+02:00',abbreviation:'EET',tzName:'Eastern European Time'}]"
Lesotho,"[{zoneName:'Africa\/Maseru',gmtOffset:7200,gmtOffsetName:'UTC+02:00',abbreviation:'SAST',tzName:'South African Standard Time'}]"
Liberia,"[{zoneName:'Africa\/Monrovia',gmtOffset:0,gmtOffsetName:'UTC\u00b100',abbreviation:'GMT',tzName:'Greenwich Mean Time'}]"
Libya,"[{zoneName:'Africa\/Tripoli',gmtOffset:7200,gmtOffsetName:'UTC+02:00',abbreviation:'EET',tzName:'Eastern European Time'}]"
Liechtenstein,"[{zoneName:'Europe\/Vaduz',gmtOffset:3600,gmtOffsetName:'UTC+01:00',abbreviation:'CET',tzName:'Central European Time'}]"
Lithuania,"[{zoneName:'Europe\/Vilnius',gmtOffset:7200,gmtOffsetName:'UTC+02:00',abbreviation:'EET',tzName:'Eastern European Time'}]"
Luxembourg,"[{zoneName:'Europe\/Luxembourg',gmtOffset:3600,gmtOffsetName:'UTC+01:00',abbreviation:'CET',tzName:'Central European Time'}]"
Macau S.A.R.,"[{zoneName:'Asia\/Macau',gmtOffset:28800,gmtOffsetName:'UTC+08:00',abbreviation:'CST',tzName:'China Standard Time'}]"
Madagascar,"[{zoneName:'Indian\/Antananarivo',gmtOffset:10800,gmtOffsetName:'UTC+03:00',abbreviation:'EAT',tzName:'East Africa Time'}]"
Malawi,"[{zoneName:'Africa\/Blantyre',gmtOffset:7200,gmtOffsetName:'UTC+02:00',abbreviation:'CAT',tzName:'Central Africa Time'}]"
Malaysia,"[{zoneName:'Asia\/Kuala_Lumpur',gmtOffset:28800,gmtOffsetName:'UTC+08:00',abbreviation:'MYT',tzName:'Malaysia Time'},{zoneName:'Asia\/Kuching',gmtOffset:28800,gmtOffsetName:'UTC+08:00',abbreviation:'MYT',tzName:'Malaysia Time'}]"
Maldives,"[{zoneName:'Indian\/Maldives',gmtOffset:18000,gmtOffsetName:'UTC+05:00',abbreviation:'MVT',tzName:'Maldives Time'}]"
Mali,"[{zoneName:'Africa\/Bamako',gmtOffset:0,gmtOffsetName:'UTC\u00b100',abbreviation:'GMT',tzName:'Greenwich Mean Time'}]"
Malta,"[{zoneName:'Europe\/Malta',gmtOffset:3600,gmtOffsetName:'UTC+01:00',abbreviation:'CET',tzName:'Central European Time'}]"
Man (Isle of),"[{zoneName:'Europe\/Isle_of_Man',gmtOffset:0,gmtOffsetName:'UTC\u00b100',abbreviation:'GMT',tzName:'Greenwich Mean Time'}]"
Marshall Islands,"[{zoneName:'Pacific\/Kwajalein',gmtOffset:43200,gmtOffsetName:'UTC+12:00',abbreviation:'MHT',tzName:'Marshall Islands Time'},{zoneName:'Pacific\/Majuro',gmtOffset:43200,gmtOffsetName:'UTC+12:00',abbreviation:'MHT',tzName:'Marshall Islands Time'}]"
Martinique,"[{zoneName:'America\/Martinique',gmtOffset:-14400,gmtOffsetName:'UTC-04:00',abbreviation:'AST',tzName:'Atlantic Standard Time'}]"
Mauritania,"[{zoneName:'Africa\/Nouakchott',gmtOffset:0,gmtOffsetName:'UTC\u00b100',abbreviation:'GMT',tzName:'Greenwich Mean Time'}]"
Mauritius,"[{zoneName:'Indian\/Mauritius',gmtOffset:14400,gmtOffsetName:'UTC+04:00',abbreviation:'MUT',tzName:'Mauritius Time'}]"
Mayotte,"[{zoneName:'Indian\/Mayotte',gmtOffset:10800,gmtOffsetName:'UTC+03:00',abbreviation:'EAT',tzName:'East Africa Time'}]"
Mexico,"[{zoneName:'America\/Bahia_Banderas',gmtOffset:-21600,gmtOffsetName:'UTC-06:00',abbreviation:'CST',tzName:'Central Standard Time (North America'},{zoneName:'America\/Cancun',gmtOffset:-18000,gmtOffsetName:'UTC-05:00',abbreviation:'EST',tzName:'Eastern Standard Time (North America'},{zoneName:'America\/Chihuahua',gmtOffset:-25200,gmtOffsetName:'UTC-07:00',abbreviation:'MST',tzName:'Mountain Standard Time (North America'},{zoneName:'America\/Hermosillo',gmtOffset:-25200,gmtOffsetName:'UTC-07:00',abbreviation:'MST',tzName:'Mountain Standard Time (North America'},{zoneName:'America\/Matamoros',gmtOffset:-21600,gmtOffsetName:'UTC-06:00',abbreviation:'CST',tzName:'Central Standard Time (North America'},{zoneName:'America\/Mazatlan',gmtOffset:-25200,gmtOffsetName:'UTC-07:00',abbreviation:'MST',tzName:'Mountain Standard Time (North America'},{zoneName:'America\/Merida',gmtOffset:-21600,gmtOffsetName:'UTC-06:00',abbreviation:'CST',tzName:'Central Standard Time (North America'},{zoneName:'America\/Mexico_City',gmtOffset:-21600,gmtOffsetName:'UTC-06:00',abbreviation:'CST',tzName:'Central Standard Time (North America'},{zoneName:'America\/Monterrey',gmtOffset:-21600,gmtOffsetName:'UTC-06:00',abbreviation:'CST',tzName:'Central Standard Time (North America'},{zoneName:'America\/Ojinaga',gmtOffset:-25200,gmtOffsetName:'UTC-07:00',abbreviation:'MST',tzName:'Mountain Standard Time (North America'},{zoneName:'America\/Tijuana',gmtOffset:-28800,gmtOffsetName:'UTC-08:00',abbreviation:'PST',tzName:'Pacific Standard Time (North America'}]"
Micronesia,"[{zoneName:'Pacific\/Chuuk',gmtOffset:36000,gmtOffsetName:'UTC+10:00',abbreviation:'CHUT',tzName:'Chuuk Time'},{zoneName:'Pacific\/Kosrae',gmtOffset:39600,gmtOffsetName:'UTC+11:00',abbreviation:'KOST',tzName:'Kosrae Time'},{zoneName:'Pacific\/Pohnpei',gmtOffset:39600,gmtOffsetName:'UTC+11:00',abbreviation:'PONT',tzName:'Pohnpei Standard Time'}]"
Moldova,"[{zoneName:'Europe\/Chisinau',gmtOffset:7200,gmtOffsetName:'UTC+02:00',abbreviation:'EET',tzName:'Eastern European Time'}]"
Monaco,"[{zoneName:'Europe\/Monaco',gmtOffset:3600,gmtOffsetName:'UTC+01:00',abbreviation:'CET',tzName:'Central European Time'}]"
Mongolia,"[{zoneName:'Asia\/Choibalsan',gmtOffset:28800,gmtOffsetName:'UTC+08:00',abbreviation:'CHOT',tzName:'Choibalsan Standard Time'},{zoneName:'Asia\/Hovd',gmtOffset:25200,gmtOffsetName:'UTC+07:00',abbreviation:'HOVT',tzName:'Hovd Time'},{zoneName:'Asia\/Ulaanbaatar',gmtOffset:28800,gmtOffsetName:'UTC+08:00',abbreviation:'ULAT',tzName:'Ulaanbaatar Standard Time'}]"
Montenegro,"[{zoneName:'Europe\/Podgorica',gmtOffset:3600,gmtOffsetName:'UTC+01:00',abbreviation:'CET',tzName:'Central European Time'}]"
Montserrat,"[{zoneName:'America\/Montserrat',gmtOffset:-14400,gmtOffsetName:'UTC-04:00',abbreviation:'AST',tzName:'Atlantic Standard Time'}]"
Morocco,"[{zoneName:'Africa\/Casablanca',gmtOffset:3600,gmtOffsetName:'UTC+01:00',abbreviation:'WEST',tzName:'Western European Summer Time'},{zoneName:'Africa\/El_Aaiun',gmtOffset:3600,gmtOffsetName:'UTC+01:00',abbreviation:'WEST',tzName:'Western Sahara Time'}]"
Mozambique,"[{zoneName:'Africa\/Maputo',gmtOffset:7200,gmtOffsetName:'UTC+02:00',abbreviation:'CAT',tzName:'Central Africa Time'}]"
Myanmar,"[{zoneName:'Asia\/Yangon',gmtOffset:23400,gmtOffsetName:'UTC+06:30',abbreviation:'MMT',tzName:'Myanmar Standard Time'}]"
Namibia,"[{zoneName:'Africa\/Windhoek',gmtOffset:7200,gmtOffsetName:'UTC+02:00',abbreviation:'WAST',tzName:'West Africa Summer Time'}]"
Nauru,"[{zoneName:'Pacific\/Nauru',gmtOffset:43200,gmtOffsetName:'UTC+12:00',abbreviation:'NRT',tzName:'Nauru Time'}]"
Nepal,"[{zoneName:'Asia\/Kathmandu',gmtOffset:20700,gmtOffsetName:'UTC+05:45',abbreviation:'NPT',tzName:'Nepal Time'}]"
Netherlands,"[{zoneName:'Europe\/Amsterdam',gmtOffset:3600,gmtOffsetName:'UTC+01:00',abbreviation:'CET',tzName:'Central European Time'}]"
New Caledonia,"[{zoneName:'Pacific\/Noumea',gmtOffset:39600,gmtOffsetName:'UTC+11:00',abbreviation:'NCT',tzName:'New Caledonia Time'}]"
New Zealand,"[{zoneName:'Pacific\/Auckland',gmtOffset:46800,gmtOffsetName:'UTC+13:00',abbreviation:'NZDT',tzName:'New Zealand Daylight Time'},{zoneName:'Pacific\/Chatham',gmtOffset:49500,gmtOffsetName:'UTC+13:45',abbreviation:'CHAST',tzName:'Chatham Standard Time'}]"
Nicaragua,"[{zoneName:'America\/Managua',gmtOffset:-21600,gmtOffsetName:'UTC-06:00',abbreviation:'CST',tzName:'Central Standard Time (North America'}]"
Niger,"[{zoneName:'Africa\/Niamey',gmtOffset:3600,gmtOffsetName:'UTC+01:00',abbreviation:'WAT',tzName:'West Africa Time'}]"
Nigeria,"[{zoneName:'Africa\/Lagos',gmtOffset:3600,gmtOffsetName:'UTC+01:00',abbreviation:'WAT',tzName:'West Africa Time'}]"
Niue,"[{zoneName:'Pacific\/Niue',gmtOffset:-39600,gmtOffsetName:'UTC-11:00',abbreviation:'NUT',tzName:'Niue Time'}]"
Norfolk Island,"[{zoneName:'Pacific\/Norfolk',gmtOffset:43200,gmtOffsetName:'UTC+12:00',abbreviation:'NFT',tzName:'Norfolk Time'}]"
North Korea,"[{zoneName:'Asia\/Pyongyang',gmtOffset:32400,gmtOffsetName:'UTC+09:00',abbreviation:'KST',tzName:'Korea Standard Time'}]"
North Macedonia,"[{zoneName:'Europe\/Skopje',gmtOffset:3600,gmtOffsetName:'UTC+01:00',abbreviation:'CET',tzName:'Central European Time'}]"
Northern Mariana Islands,"[{zoneName:'Pacific\/Saipan',gmtOffset:36000,gmtOffsetName:'UTC+10:00',abbreviation:'ChST',tzName:'Chamorro Standard Time'}]"
Norway,"[{zoneName:'Europe\/Oslo',gmtOffset:3600,gmtOffsetName:'UTC+01:00',abbreviation:'CET',tzName:'Central European Time'},{zoneName:'Arctic\/Longyearbyen',gmtOffset:3600,gmtOffsetName:'UTC+01:00',abbreviation:'CET',tzName:'Central European Time'}]"
Oman,"[{zoneName:'Asia\/Muscat',gmtOffset:14400,gmtOffsetName:'UTC+04:00',abbreviation:'GST',tzName:'Gulf Standard Time'}]"
Pakistan,"[{zoneName:'Asia\/Karachi',gmtOffset:18000,gmtOffsetName:'UTC+05:00',abbreviation:'PKT',tzName:'Pakistan Standard Time'}]"
Palau,"[{zoneName:'Pacific\/Palau',gmtOffset:32400,gmtOffsetName:'UTC+09:00',abbreviation:'PWT',tzName:'Palau Time'}]"
Palestinian Territory Occupied,"[{zoneName:'Asia\/Gaza',gmtOffset:7200,gmtOffsetName:'UTC+02:00',abbreviation:'EET',tzName:'Eastern European Time'},{zoneName:'Asia\/Hebron',gmtOffset:7200,gmtOffsetName:'UTC+02:00',abbreviation:'EET',tzName:'Eastern European Time'}]"
Panama,"[{zoneName:'America\/Panama',gmtOffset:-18000,gmtOffsetName:'UTC-05:00',abbreviation:'EST',tzName:'Eastern Standard Time (North America'}]"
Papua New Guinea,"[{zoneName:'Pacific\/Bougainville',gmtOffset:39600,gmtOffsetName:'UTC+11:00',abbreviation:'BST',tzName:'Bougainville Standard Time[6'},{zoneName:'Pacific\/Port_Moresby',gmtOffset:36000,gmtOffsetName:'UTC+10:00',abbreviation:'PGT',tzName:'Papua New Guinea Time'}]"
Paraguay,"[{zoneName:'America\/Asuncion',gmtOffset:-10800,gmtOffsetName:'UTC-03:00',abbreviation:'PYST',tzName:'Paraguay Summer Time'}]"
Peru,"[{zoneName:'America\/Lima',gmtOffset:-18000,gmtOffsetName:'UTC-05:00',abbreviation:'PET',tzName:'Peru Time'}]"
Philippines,"[{zoneName:'Asia\/Manila',gmtOffset:28800,gmtOffsetName:'UTC+08:00',abbreviation:'PHT',tzName:'Philippine Time'}]"
Pitcairn Island,"[{zoneName:'Pacific\/Pitcairn',gmtOffset:-28800,gmtOffsetName:'UTC-08:00',abbreviation:'PST',tzName:'Pacific Standard Time (North America'}]"
Poland,"[{zoneName:'Europe\/Warsaw',gmtOffset:3600,gmtOffsetName:'UTC+01:00',abbreviation:'CET',tzName:'Central European Time'}]"
Portugal,"[{zoneName:'Atlantic\/Azores',gmtOffset:-3600,gmtOffsetName:'UTC-01:00',abbreviation:'AZOT',tzName:'Azores Standard Time'},{zoneName:'Atlantic\/Madeira',gmtOffset:0,gmtOffsetName:'UTC\u00b100',abbreviation:'WET',tzName:'Western European Time'},{zoneName:'Europe\/Lisbon',gmtOffset:0,gmtOffsetName:'UTC\u00b100',abbreviation:'WET',tzName:'Western European Time'}]"
Puerto Rico,"[{zoneName:'America\/Puerto_Rico',gmtOffset:-14400,gmtOffsetName:'UTC-04:00',abbreviation:'AST',tzName:'Atlantic Standard Time'}]"
Qatar,"[{zoneName:'Asia\/Qatar',gmtOffset:10800,gmtOffsetName:'UTC+03:00',abbreviation:'AST',tzName:'Arabia Standard Time'}]"
Reunion,"[{zoneName:'Indian\/Reunion',gmtOffset:14400,gmtOffsetName:'UTC+04:00',abbreviation:'RET',tzName:'R\u00e9union Time'}]"
Romania,"[{zoneName:'Europe\/Bucharest',gmtOffset:7200,gmtOffsetName:'UTC+02:00',abbreviation:'EET',tzName:'Eastern European Time'}]"
Russia,"[{zoneName:'Asia\/Anadyr',gmtOffset:43200,gmtOffsetName:'UTC+12:00',abbreviation:'ANAT',tzName:'Anadyr Time[4'},{zoneName:'Asia\/Barnaul',gmtOffset:25200,gmtOffsetName:'UTC+07:00',abbreviation:'KRAT',tzName:'Krasnoyarsk Time'},{zoneName:'Asia\/Chita',gmtOffset:32400,gmtOffsetName:'UTC+09:00',abbreviation:'YAKT',tzName:'Yakutsk Time'},{zoneName:'Asia\/Irkutsk',gmtOffset:28800,gmtOffsetName:'UTC+08:00',abbreviation:'IRKT',tzName:'Irkutsk Time'},{zoneName:'Asia\/Kamchatka',gmtOffset:43200,gmtOffsetName:'UTC+12:00',abbreviation:'PETT',tzName:'Kamchatka Time'},{zoneName:'Asia\/Khandyga',gmtOffset:32400,gmtOffsetName:'UTC+09:00',abbreviation:'YAKT',tzName:'Yakutsk Time'},{zoneName:'Asia\/Krasnoyarsk',gmtOffset:25200,gmtOffsetName:'UTC+07:00',abbreviation:'KRAT',tzName:'Krasnoyarsk Time'},{zoneName:'Asia\/Magadan',gmtOffset:39600,gmtOffsetName:'UTC+11:00',abbreviation:'MAGT',tzName:'Magadan Time'},{zoneName:'Asia\/Novokuznetsk',gmtOffset:25200,gmtOffsetName:'UTC+07:00',abbreviation:'KRAT',tzName:'Krasnoyarsk Time'},{zoneName:'Asia\/Novosibirsk',gmtOffset:25200,gmtOffsetName:'UTC+07:00',abbreviation:'NOVT',tzName:'Novosibirsk Time'},{zoneName:'Asia\/Omsk',gmtOffset:21600,gmtOffsetName:'UTC+06:00',abbreviation:'OMST',tzName:'Omsk Time'},{zoneName:'Asia\/Sakhalin',gmtOffset:39600,gmtOffsetName:'UTC+11:00',abbreviation:'SAKT',tzName:'Sakhalin Island Time'},{zoneName:'Asia\/Srednekolymsk',gmtOffset:39600,gmtOffsetName:'UTC+11:00',abbreviation:'SRET',tzName:'Srednekolymsk Time'},{zoneName:'Asia\/Tomsk',gmtOffset:25200,gmtOffsetName:'UTC+07:00',abbreviation:'MSD+3',tzName:'Moscow Daylight Time+3'},{zoneName:'Asia\/Ust-Nera',gmtOffset:36000,gmtOffsetName:'UTC+10:00',abbreviation:'VLAT',tzName:'Vladivostok Time'},{zoneName:'Asia\/Vladivostok',gmtOffset:36000,gmtOffsetName:'UTC+10:00',abbreviation:'VLAT',tzName:'Vladivostok Time'},{zoneName:'Asia\/Yakutsk',gmtOffset:32400,gmtOffsetName:'UTC+09:00',abbreviation:'YAKT',tzName:'Yakutsk Time'},{zoneName:'Asia\/Yekaterinburg',gmtOffset:18000,gmtOffsetName:'UTC+05:00',abbreviation:'YEKT',tzName:'Yekaterinburg Time'},{zoneName:'Europe\/Astrakhan',gmtOffset:14400,gmtOffsetName:'UTC+04:00',abbreviation:'SAMT',tzName:'Samara Time'},{zoneName:'Europe\/Kaliningrad',gmtOffset:7200,gmtOffsetName:'UTC+02:00',abbreviation:'EET',tzName:'Eastern European Time'},{zoneName:'Europe\/Kirov',gmtOffset:10800,gmtOffsetName:'UTC+03:00',abbreviation:'MSK',tzName:'Moscow Time'},{zoneName:'Europe\/Moscow',gmtOffset:10800,gmtOffsetName:'UTC+03:00',abbreviation:'MSK',tzName:'Moscow Time'},{zoneName:'Europe\/Samara',gmtOffset:14400,gmtOffsetName:'UTC+04:00',abbreviation:'SAMT',tzName:'Samara Time'},{zoneName:'Europe\/Saratov',gmtOffset:14400,gmtOffsetName:'UTC+04:00',abbreviation:'MSD',tzName:'Moscow Daylight Time+4'},{zoneName:'Europe\/Ulyanovsk',gmtOffset:14400,gmtOffsetName:'UTC+04:00',abbreviation:'SAMT',tzName:'Samara Time'},{zoneName:'Europe\/Volgograd',gmtOffset:14400,gmtOffsetName:'UTC+04:00',abbreviation:'MSK',tzName:'Moscow Standard Time'}]"
Rwanda,"[{zoneName:'Africa\/Kigali',gmtOffset:7200,gmtOffsetName:'UTC+02:00',abbreviation:'CAT',tzName:'Central Africa Time'}]"
Saint Helena,"[{zoneName:'Atlantic\/St_Helena',gmtOffset:0,gmtOffsetName:'UTC\u00b100',abbreviation:'GMT',tzName:'Greenwich Mean Time'}]"
Saint Kitts and Nevis,"[{zoneName:'America\/St_Kitts',gmtOffset:-14400,gmtOffsetName:'UTC-04:00',abbreviation:'AST',tzName:'Atlantic Standard Time'}]"
Saint Lucia,"[{zoneName:'America\/St_Lucia',gmtOffset:-14400,gmtOffsetName:'UTC-04:00',abbreviation:'AST',tzName:'Atlantic Standard Time'}]"
Saint Pierre and Miquelon,"[{zoneName:'America\/Miquelon',gmtOffset:-10800,gmtOffsetName:'UTC-03:00',abbreviation:'PMDT',tzName:'Pierre & Miquelon Daylight Time'}]"
Saint Vincent and the Grenadines,"[{zoneName:'America\/St_Vincent',gmtOffset:-14400,gmtOffsetName:'UTC-04:00',abbreviation:'AST',tzName:'Atlantic Standard Time'}]"
Saint-Barthelemy,"[{zoneName:'America\/St_Barthelemy',gmtOffset:-14400,gmtOffsetName:'UTC-04:00',abbreviation:'AST',tzName:'Atlantic Standard Time'}]"
Saint-Martin (French part),"[{zoneName:'America\/Marigot',gmtOffset:-14400,gmtOffsetName:'UTC-04:00',abbreviation:'AST',tzName:'Atlantic Standard Time'}]"
Samoa,"[{zoneName:'Pacific\/Apia',gmtOffset:50400,gmtOffsetName:'UTC+14:00',abbreviation:'WST',tzName:'West Samoa Time'}]"
San Marino,"[{zoneName:'Europe\/San_Marino',gmtOffset:3600,gmtOffsetName:'UTC+01:00',abbreviation:'CET',tzName:'Central European Time'}]"
Sao Tome and Principe,"[{zoneName:'Africa\/Sao_Tome',gmtOffset:0,gmtOffsetName:'UTC\u00b100',abbreviation:'GMT',tzName:'Greenwich Mean Time'}]"
Saudi Arabia,"[{zoneName:'Asia\/Riyadh',gmtOffset:10800,gmtOffsetName:'UTC+03:00',abbreviation:'AST',tzName:'Arabia Standard Time'}]"
Senegal,"[{zoneName:'Africa\/Dakar',gmtOffset:0,gmtOffsetName:'UTC\u00b100',abbreviation:'GMT',tzName:'Greenwich Mean Time'}]"
Serbia,"[{zoneName:'Europe\/Belgrade',gmtOffset:3600,gmtOffsetName:'UTC+01:00',abbreviation:'CET',tzName:'Central European Time'}]"
Seychelles,"[{zoneName:'Indian\/Mahe',gmtOffset:14400,gmtOffsetName:'UTC+04:00',abbreviation:'SCT',tzName:'Seychelles Time'}]"
Sierra Leone,"[{zoneName:'Africa\/Freetown',gmtOffset:0,gmtOffsetName:'UTC\u00b100',abbreviation:'GMT',tzName:'Greenwich Mean Time'}]"
Singapore,"[{zoneName:'Asia\/Singapore',gmtOffset:28800,gmtOffsetName:'UTC+08:00',abbreviation:'SGT',tzName:'Singapore Time'}]"
Sint Maarten (Dutch part),"[{zoneName:'America\/Anguilla',gmtOffset:-14400,gmtOffsetName:'UTC-04:00',abbreviation:'AST',tzName:'Atlantic Standard Time'}]"
Slovakia,"[{zoneName:'Europe\/Bratislava',gmtOffset:3600,gmtOffsetName:'UTC+01:00',abbreviation:'CET',tzName:'Central European Time'}]"
Slovenia,"[{zoneName:'Europe\/Ljubljana',gmtOffset:3600,gmtOffsetName:'UTC+01:00',abbreviation:'CET',tzName:'Central European Time'}]"
Solomon Islands,"[{zoneName:'Pacific\/Guadalcanal',gmtOffset:39600,gmtOffsetName:'UTC+11:00',abbreviation:'SBT',tzName:'Solomon Islands Time'}]"
Somalia,"[{zoneName:'Africa\/Mogadishu',gmtOffset:10800,gmtOffsetName:'UTC+03:00',abbreviation:'EAT',tzName:'East Africa Time'}]"
South Africa,"[{zoneName:'Africa\/Johannesburg',gmtOffset:7200,gmtOffsetName:'UTC+02:00',abbreviation:'SAST',tzName:'South African Standard Time'}]"
South Georgia,"[{zoneName:'Atlantic\/South_Georgia',gmtOffset:-7200,gmtOffsetName:'UTC-02:00',abbreviation:'GST',tzName:'South Georgia and the South Sandwich Islands Time'}]"
South Korea,"[{zoneName:'Asia\/Seoul',gmtOffset:32400,gmtOffsetName:'UTC+09:00',abbreviation:'KST',tzName:'Korea Standard Time'}]"
South Sudan,"[{zoneName:'Africa\/Juba',gmtOffset:10800,gmtOffsetName:'UTC+03:00',abbreviation:'EAT',tzName:'East Africa Time'}]"
Spain,"[{zoneName:'Africa\/Ceuta',gmtOffset:3600,gmtOffsetName:'UTC+01:00',abbreviation:'CET',tzName:'Central European Time'},{zoneName:'Atlantic\/Canary',gmtOffset:0,gmtOffsetName:'UTC\u00b100',abbreviation:'WET',tzName:'Western European Time'},{zoneName:'Europe\/Madrid',gmtOffset:3600,gmtOffsetName:'UTC+01:00',abbreviation:'CET',tzName:'Central European Time'}]"
Sri Lanka,"[{zoneName:'Asia\/Colombo',gmtOffset:19800,gmtOffsetName:'UTC+05:30',abbreviation:'IST',tzName:'Indian Standard Time'}]"
Sudan,"[{zoneName:'Africa\/Khartoum',gmtOffset:7200,gmtOffsetName:'UTC+02:00',abbreviation:'EAT',tzName:'Eastern African Time'}]"
Suriname,"[{zoneName:'America\/Paramaribo',gmtOffset:-10800,gmtOffsetName:'UTC-03:00',abbreviation:'SRT',tzName:'Suriname Time'}]"
Svalbard and Jan Mayen Islands,"[{zoneName:'Arctic\/Longyearbyen',gmtOffset:3600,gmtOffsetName:'UTC+01:00',abbreviation:'CET',tzName:'Central European Time'}]"
Sweden,"[{zoneName:'Europe\/Stockholm',gmtOffset:3600,gmtOffsetName:'UTC+01:00',abbreviation:'CET',tzName:'Central European Time'}]"
Switzerland,"[{zoneName:'Europe\/Zurich',gmtOffset:3600,gmtOffsetName:'UTC+01:00',abbreviation:'CET',tzName:'Central European Time'}]"
Syria,"[{zoneName:'Asia\/Damascus',gmtOffset:7200,gmtOffsetName:'UTC+02:00',abbreviation:'EET',tzName:'Eastern European Time'}]"
Taiwan,"[{zoneName:'Asia\/Taipei',gmtOffset:28800,gmtOffsetName:'UTC+08:00',abbreviation:'CST',tzName:'China Standard Time'}]"
Tajikistan,"[{zoneName:'Asia\/Dushanbe',gmtOffset:18000,gmtOffsetName:'UTC+05:00',abbreviation:'TJT',tzName:'Tajikistan Time'}]"
Tanzania,"[{zoneName:'Africa\/Dar_es_Salaam',gmtOffset:10800,gmtOffsetName:'UTC+03:00',abbreviation:'EAT',tzName:'East Africa Time'}]"
Thailand,"[{zoneName:'Asia\/Bangkok',gmtOffset:25200,gmtOffsetName:'UTC+07:00',abbreviation:'ICT',tzName:'Indochina Time'}]"
The Bahamas,"[{zoneName:'America\/Nassau',gmtOffset:-18000,gmtOffsetName:'UTC-05:00',abbreviation:'EST',tzName:'Eastern Standard Time (North America)'}]"
The Gambia,"[{zoneName:'Africa\/Banjul',gmtOffset:0,gmtOffsetName:'UTC\u00b100',abbreviation:'GMT',tzName:'Greenwich Mean Time'}]"
Timor-Leste,"[{zoneName:'Asia\/Dili',gmtOffset:32400,gmtOffsetName:'UTC+09:00',abbreviation:'TLT',tzName:'Timor Leste Time'}]"
Togo,"[{zoneName:'Africa\/Lome',gmtOffset:0,gmtOffsetName:'UTC\u00b100',abbreviation:'GMT',tzName:'Greenwich Mean Time'}]"
Tokelau,"[{zoneName:'Pacific\/Fakaofo',gmtOffset:46800,gmtOffsetName:'UTC+13:00',abbreviation:'TKT',tzName:'Tokelau Time'}]"
Tonga,"[{zoneName:'Pacific\/Tongatapu',gmtOffset:46800,gmtOffsetName:'UTC+13:00',abbreviation:'TOT',tzName:'Tonga Time'}]"
Trinidad and Tobago,"[{zoneName:'America\/Port_of_Spain',gmtOffset:-14400,gmtOffsetName:'UTC-04:00',abbreviation:'AST',tzName:'Atlantic Standard Time'}]"
Tunisia,"[{zoneName:'Africa\/Tunis',gmtOffset:3600,gmtOffsetName:'UTC+01:00',abbreviation:'CET',tzName:'Central European Time'}]"
Turkey,"[{zoneName:'Europe\/Istanbul',gmtOffset:10800,gmtOffsetName:'UTC+03:00',abbreviation:'EET',tzName:'Eastern European Time'}]"
Turkmenistan,"[{zoneName:'Asia\/Ashgabat',gmtOffset:18000,gmtOffsetName:'UTC+05:00',abbreviation:'TMT',tzName:'Turkmenistan Time'}]"
Turks and Caicos Islands,"[{zoneName:'America\/Grand_Turk',gmtOffset:-18000,gmtOffsetName:'UTC-05:00',abbreviation:'EST',tzName:'Eastern Standard Time (North America'}]"
Tuvalu,"[{zoneName:'Pacific\/Funafuti',gmtOffset:43200,gmtOffsetName:'UTC+12:00',abbreviation:'TVT',tzName:'Tuvalu Time'}]"
Uganda,"[{zoneName:'Africa\/Kampala',gmtOffset:10800,gmtOffsetName:'UTC+03:00',abbreviation:'EAT',tzName:'East Africa Time'}]"
Ukraine,"[{zoneName:'Europe\/Kiev',gmtOffset:7200,gmtOffsetName:'UTC+02:00',abbreviation:'EET',tzName:'Eastern European Time'},{zoneName:'Europe\/Simferopol',gmtOffset:10800,gmtOffsetName:'UTC+03:00',abbreviation:'MSK',tzName:'Moscow Time'},{zoneName:'Europe\/Uzhgorod',gmtOffset:7200,gmtOffsetName:'UTC+02:00',abbreviation:'EET',tzName:'Eastern European Time'},{zoneName:'Europe\/Zaporozhye',gmtOffset:7200,gmtOffsetName:'UTC+02:00',abbreviation:'EET',tzName:'Eastern European Time'}]"
United Arab Emirates,"[{zoneName:'Asia\/Dubai',gmtOffset:14400,gmtOffsetName:'UTC+04:00',abbreviation:'GST',tzName:'Gulf Standard Time'}]"
United Kingdom,"[{zoneName:'Europe\/London',gmtOffset:0,gmtOffsetName:'UTC\u00b100',abbreviation:'GMT',tzName:'Greenwich Mean Time'}]"
United States,"[{zoneName:'America\/Adak',gmtOffset:-36000,gmtOffsetName:'UTC-10:00',abbreviation:'HST',tzName:'Hawaii\u2013Aleutian Standard Time'},{zoneName:'America\/Anchorage',gmtOffset:-32400,gmtOffsetName:'UTC-09:00',abbreviation:'AKST',tzName:'Alaska Standard Time'},{zoneName:'America\/Boise',gmtOffset:-25200,gmtOffsetName:'UTC-07:00',abbreviation:'MST',tzName:'Mountain Standard Time (North America'},{zoneName:'America\/Chicago',gmtOffset:-21600,gmtOffsetName:'UTC-06:00',abbreviation:'CST',tzName:'Central Standard Time (North America'},{zoneName:'America\/Denver',gmtOffset:-25200,gmtOffsetName:'UTC-07:00',abbreviation:'MST',tzName:'Mountain Standard Time (North America'},{zoneName:'America\/Detroit',gmtOffset:-18000,gmtOffsetName:'UTC-05:00',abbreviation:'EST',tzName:'Eastern Standard Time (North America'},{zoneName:'America\/Indiana\/Indianapolis',gmtOffset:-18000,gmtOffsetName:'UTC-05:00',abbreviation:'EST',tzName:'Eastern Standard Time (North America'},{zoneName:'America\/Indiana\/Knox',gmtOffset:-21600,gmtOffsetName:'UTC-06:00',abbreviation:'CST',tzName:'Central Standard Time (North America'},{zoneName:'America\/Indiana\/Marengo',gmtOffset:-18000,gmtOffsetName:'UTC-05:00',abbreviation:'EST',tzName:'Eastern Standard Time (North America'},{zoneName:'America\/Indiana\/Petersburg',gmtOffset:-18000,gmtOffsetName:'UTC-05:00',abbreviation:'EST',tzName:'Eastern Standard Time (North America'},{zoneName:'America\/Indiana\/Tell_City',gmtOffset:-21600,gmtOffsetName:'UTC-06:00',abbreviation:'CST',tzName:'Central Standard Time (North America'},{zoneName:'America\/Indiana\/Vevay',gmtOffset:-18000,gmtOffsetName:'UTC-05:00',abbreviation:'EST',tzName:'Eastern Standard Time (North America'},{zoneName:'America\/Indiana\/Vincennes',gmtOffset:-18000,gmtOffsetName:'UTC-05:00',abbreviation:'EST',tzName:'Eastern Standard Time (North America'},{zoneName:'America\/Indiana\/Winamac',gmtOffset:-18000,gmtOffsetName:'UTC-05:00',abbreviation:'EST',tzName:'Eastern Standard Time (North America'},{zoneName:'America\/Juneau',gmtOffset:-32400,gmtOffsetName:'UTC-09:00',abbreviation:'AKST',tzName:'Alaska Standard Time'},{zoneName:'America\/Kentucky\/Louisville',gmtOffset:-18000,gmtOffsetName:'UTC-05:00',abbreviation:'EST',tzName:'Eastern Standard Time (North America'},{zoneName:'America\/Kentucky\/Monticello',gmtOffset:-18000,gmtOffsetName:'UTC-05:00',abbreviation:'EST',tzName:'Eastern Standard Time (North America'},{zoneName:'America\/Los_Angeles',gmtOffset:-28800,gmtOffsetName:'UTC-08:00',abbreviation:'PST',tzName:'Pacific Standard Time (North America'},{zoneName:'America\/Menominee',gmtOffset:-21600,gmtOffsetName:'UTC-06:00',abbreviation:'CST',tzName:'Central Standard Time (North America'},{zoneName:'America\/Metlakatla',gmtOffset:-32400,gmtOffsetName:'UTC-09:00',abbreviation:'AKST',tzName:'Alaska Standard Time'},{zoneName:'America\/New_York',gmtOffset:-18000,gmtOffsetName:'UTC-05:00',abbreviation:'EST',tzName:'Eastern Standard Time (North America'},{zoneName:'America\/Nome',gmtOffset:-32400,gmtOffsetName:'UTC-09:00',abbreviation:'AKST',tzName:'Alaska Standard Time'},{zoneName:'America\/North_Dakota\/Beulah',gmtOffset:-21600,gmtOffsetName:'UTC-06:00',abbreviation:'CST',tzName:'Central Standard Time (North America'},{zoneName:'America\/North_Dakota\/Center',gmtOffset:-21600,gmtOffsetName:'UTC-06:00',abbreviation:'CST',tzName:'Central Standard Time (North America'},{zoneName:'America\/North_Dakota\/New_Salem',gmtOffset:-21600,gmtOffsetName:'UTC-06:00',abbreviation:'CST',tzName:'Central Standard Time (North America'},{zoneName:'America\/Phoenix',gmtOffset:-25200,gmtOffsetName:'UTC-07:00',abbreviation:'MST',tzName:'Mountain Standard Time (North America'},{zoneName:'America\/Sitka',gmtOffset:-32400,gmtOffsetName:'UTC-09:00',abbreviation:'AKST',tzName:'Alaska Standard Time'},{zoneName:'America\/Yakutat',gmtOffset:-32400,gmtOffsetName:'UTC-09:00',abbreviation:'AKST',tzName:'Alaska Standard Time'},{zoneName:'Pacific\/Honolulu',gmtOffset:-36000,gmtOffsetName:'UTC-10:00',abbreviation:'HST',tzName:'Hawaii\u2013Aleutian Standard Time'}]"
United States Minor Outlying Islands,"[{zoneName:'Pacific\/Midway',gmtOffset:-39600,gmtOffsetName:'UTC-11:00',abbreviation:'SST',tzName:'Samoa Standard Time'},{zoneName:'Pacific\/Wake',gmtOffset:43200,gmtOffsetName:'UTC+12:00',abbreviation:'WAKT',tzName:'Wake Island Time'}]"
Uruguay,"[{zoneName:'America\/Montevideo',gmtOffset:-10800,gmtOffsetName:'UTC-03:00',abbreviation:'UYT',tzName:'Uruguay Standard Time'}]"
Uzbekistan,"[{zoneName:'Asia\/Samarkand',gmtOffset:18000,gmtOffsetName:'UTC+05:00',abbreviation:'UZT',tzName:'Uzbekistan Time'},{zoneName:'Asia\/Tashkent',gmtOffset:18000,gmtOffsetName:'UTC+05:00',abbreviation:'UZT',tzName:'Uzbekistan Time'}]"
Vanuatu,"[{zoneName:'Pacific\/Efate',gmtOffset:39600,gmtOffsetName:'UTC+11:00',abbreviation:'VUT',tzName:'Vanuatu Time'}]"
Vatican City State (Holy See),"[{zoneName:'Europe\/Vatican',gmtOffset:3600,gmtOffsetName:'UTC+01:00',abbreviation:'CET',tzName:'Central European Time'}]"
Venezuela,"[{zoneName:'America\/Caracas',gmtOffset:-14400,gmtOffsetName:'UTC-04:00',abbreviation:'VET',tzName:'Venezuelan Standard Time'}]"
Vietnam,"[{zoneName:'Asia\/Ho_Chi_Minh',gmtOffset:25200,gmtOffsetName:'UTC+07:00',abbreviation:'ICT',tzName:'Indochina Time'}]"
Virgin Islands (British),"[{zoneName:'America\/Tortola',gmtOffset:-14400,gmtOffsetName:'UTC-04:00',abbreviation:'AST',tzName:'Atlantic Standard Time'}]"
Virgin Islands (US),"[{zoneName:'America\/St_Thomas',gmtOffset:-14400,gmtOffsetName:'UTC-04:00',abbreviation:'AST',tzName:'Atlantic Standard Time'}]"
Wallis and Futuna Islands,"[{zoneName:'Pacific\/Wallis',gmtOffset:43200,gmtOffsetName:'UTC+12:00',abbreviation:'WFT',tzName:'Wallis & Futuna Time'}]"
Western Sahara,"[{zoneName:'Africa\/El_Aaiun',gmtOffset:3600,gmtOffsetName:'UTC+01:00',abbreviation:'WEST',tzName:'Western European Summer Time'}]"
Yemen,"[{zoneName:'Asia\/Aden',gmtOffset:10800,gmtOffsetName:'UTC+03:00',abbreviation:'AST',tzName:'Arabia Standard Time'}]"
Zambia,"[{zoneName:'Africa\/Lusaka',gmtOffset:7200,gmtOffsetName:'UTC+02:00',abbreviation:'CAT',tzName:'Central Africa Time'}]"
Zimbabwe,"[{zoneName:'Africa\/Harare',gmtOffset:7200,gmtOffsetName:'UTC+02:00',abbreviation:'CAT',tzName:'Central Africa Time'}]"
